Wall time,Step,Value
1570373164.673964,9,0.8429040908813477
1570374011.3689353,19,0.9060490131378174
1570374858.571008,29,0.9334814548492432
1570375705.04557,39,0.9531416893005371
1570376551.8180044,49,0.9594311714172363
1570377398.496081,59,0.963985800743103
1570378245.6140027,69,0.9778544306755066
1570379092.4337633,79,0.9731632471084595
1570379939.190986,89,0.9796205759048462
1570380786.4723275,99,0.9799149632453918
1570381635.412242,109,0.9929673075675964
1570382483.6702673,119,0.9915584921836853
1570383331.931791,129,0.9902375340461731
1570384179.5962124,139,0.9927237033843994
1570385026.3840158,149,0.9957401156425476
1570385873.8877513,159,0.9915854334831238
1570386721.7570693,169,0.9923185110092163
1570387569.727798,179,0.994753897190094
1570388417.5126226,189,0.9968869090080261
1570389265.1564767,199,0.9964625835418701
1570390113.0472229,209,0.9952206611633301
1570390960.6008143,219,0.994367241859436
1570391808.6174154,229,0.9949227571487427
1570392656.3778293,239,0.9940568804740906
1570393504.2270253,249,0.9936691522598267
1570394352.0159116,259,0.9951649308204651
1570395200.1552694,269,0.9960147738456726
1570396048.2806728,279,0.9967013001441956
1570396896.2750618,289,0.9951547980308533
1570397743.9554443,299,0.9976338148117065
